{"coords":{"index":{"dims":["index"],"attrs":{},"data":[0]}},"attrs":{},"dims":{"index":1},"data_vars":{"id":{"dims":["index"],"attrs":{},"data":["linz6371"]},"name":{"dims":["index"],"attrs":{},"data":["Raglan"]},"type":{"dims":["index"],"attrs":{},"data":["secondary"]},"attributes":{"dims":["index"],"attrs":{},"data":[{"datum":"CD","source":"LINZ","datum_offset":1.9621700000000002}]},"geom":{"dims":["index"],"attrs":{},"data":["0101000020E6100000484F914344DC65406666666666E642C0"]},"cons":{"dims":["index"],"attrs":{},"data":[{"H1":[0.008634,3.1376403376754864],"H2":[0.006777,3.0857063165805863],"K1":[0.060493,0.20589956874789994],"K2":[0.092681,5.420894091945386],"L2":[0.035288,5.209602793882885],"M2":[1.1842000000000001,5.059722570631685],"M3":[0.007026,6.151519825625872],"M4":[0.020621,1.087366275338372],"M6":[0.005933000000000001,4.688342657984261],"N2":[0.23054400000000003,4.821703228204987],"O1":[0.013812,5.065531447530086],"P1":[0.017468,0.09621692320020037],"Q1":[0.005484,3.8710716675553867],"S2":[0.33386299999999997,5.573010834047686],"T2":[0.021305,5.886869904547586],"2N2":[0.035075,4.604278762940086],"MN4":[0.00676,0.42086859021158496],"MS4":[0.008808,1.795433275165971],"MU2":[0.036163,4.740514927926887],"NU2":[0.043877,4.824421705490286],"SK3":[0.010638000000000002,4.810601730420372],"2MS6":[0.009447,5.328167284597759],"EPS2":[0.009303,4.545954283850087],"LDA2":[0.012794000000000002,5.097452172559885]}]},"offsets":{"dims":["index"],"attrs":{},"data":[{"max_time_add":2976.0,"min_time_add":1344.0,"max_level_add":-0.16217000000000015,"min_level_add":-0.16217000000000015,"max_level_multiply":1.0,"min_level_multiply":1.0}]},"qdim":{"dims":["index"],"attrs":{},"data":[1]},"datum_offset":{"dims":["index"],"attrs":{},"data":[1.9621700000000002]},"geometry":{"dims":["index"],"attrs":{},"data":["0101000020E6100000484F914344DC65406666666666E642C0"]}}}